id;ads_image;ads_content;playlist_id;playlist_title;playlist_image
1;out-of-the-box Plastic high-level;Jewelery South Carolina Rubber;93052;invoice;sky blue
2;compressing;Drives compress withdrawal;30126;Lead Sports e-markets;white
3;Kids Indiana;Idaho Highway;318;Fresh;global
4;revolutionary Shoes;Engineer;89201;Trail;Grocery
5;bus Total redundant;deposit Gloves;45776;reciprocal Licensed Rubber Keyboard;Investor
6;Isle of Man Bedfordshire;Refined Fresh Pants Soft connect;78673;Dynamic online;Baby Investment Account orchestration
7;directional sky blue;Pants;64611;navigate;brand deposit
8;Shoes Branding Shoes;Pa'anga Associate digital;95575;synthesize Bacon;Applications Consultant
9;RAM FTP Yen;navigate Iceland redundant;59024;relationships Optimization Norway;content paradigms
10;Cross-group Michigan;RAM;4980;Assurance optical Directives;Marketing Dalasi
