id;ads_image;ads_content;song_id;song_title;song_image
1;Bosnia and Herzegovina instruction set bricks-and-clicks;Avon overriding Falkland Islands Pound;76638;Awesome Wooden Car Assimilated exploit;olive Australian Dollar Intelligent Frozen Gloves
2;reintermediate;web-enabled COM;91873;even-keeled neural Director;Oklahoma Czech Koruna
3;Intranet Cheese program;enable Operative Phased;75202;Synergized foreground;Rustic Metal Ball portal deposit
4;SMTP hacking Re-engineered;Sleek;80381;Planner Balboa US Dollar Assurance;Motorway
5;strategy;Sports;38637;Producer;Soft
6;withdrawal real-time Montana;primary Greens;74122;Lithuanian Litas Lek;port calculating Faroe Islands
7;Iceland Krona Customer;invoice Tools PNG;27141;redundant zero defect pixel;e-commerce
8;definition Consultant Soft;Credit Card Account Electronics compressing;77896;Licensed Fresh Towels;Checking Account solid state
9;next generation ADP functionalities;visualize;26026;Fish Generic open system;convergence Kansas Reactive
10;architectures Cambridgeshire;Infrastructure copy Chicken;706;purple Checking Account Mouse;Ports District
